﻿pos_x,pos_y,rotation,side,designator,mpn,pack,value,mount_type,place
112.7125,-84.1375,90.0,top,D1,,D_SOD-123,D_Small,smt,True
131.7625,-122.2375,90.0,top,D10,,D_SOD-123,D_Small,smt,True
150.8125,-122.2375,90.0,top,D11,,D_SOD-123,D_Small,smt,True
153.9875,-112.7125,-90.0,top,D12,,D_SOD-123,D_Small,smt,True
112.7125,-141.2875,90.0,top,D13,,D_SOD-123,D_Small,smt,True
131.7625,-141.2875,90.0,top,D14,,D_SOD-123,D_Small,smt,True
150.8125,-141.2875,90.0,top,D15,,D_SOD-123,D_Small,smt,True
133.35,-161.13125,0.0,top,D16,,D_SOD-123,D_Small,smt,True
112.7125,-160.3375,90.0,top,D17,,D_SOD-123,D_Small,smt,True
136.525,-84.075,90.0,top,D2,,D_SOD-123,D_Small,smt,True
168.275,-150.8125,90.0,top,D3,,D_SOD-123,D_Small,smt,True
165.1,-84.1375,90.0,top,D4,,D_SOD-123,D_Small,smt,True
112.7125,-103.1875,90.0,top,D5,,D_SOD-123,D_Small,smt,True
131.7625,-103.1875,90.0,top,D6,,D_SOD-123,D_Small,smt,True
150.8125,-103.1875,90.0,top,D7,,D_SOD-123,D_Small,smt,True
112.7125,-122.2375,90.0,top,D9,,D_SOD-123,D_Small,smt,True
104.61625,-79.375,0.0,top,MX1,,SW_MX_1u,MX_SW_solder,tht,True
123.66625,-117.475,0.0,top,MX10,,SW_MX_1u,MX_SW_solder,tht,True
142.71625,-117.475,0.0,top,MX11,,SW_MX_1u,MX_SW_solder,tht,True
161.775,-107.95,0.0,top,MX12,,SW_MX_1u,MX_SW_solder,tht,True
104.69,-136.525,0.0,top,MX13,,SW_MX_1u,MX_SW_solder,tht,True
123.74,-136.525,0.0,top,MX14,,SW_MX_1u,MX_SW_solder,tht,True
142.70625,-136.525,0.0,top,MX15,,SW_MX_1u,MX_SW_solder,tht,True
133.265,-155.575,0.0,top,MX16,,SW_MX_1u,MX_SW_solder,tht,True
104.775,-155.575,0.0,top,MX17,,SW_MX_1u,MX_SW_solder,tht,True
128.43,-79.375,0.0,top,MX2,,SW_MX_1.5u,MX_SW_solder,tht,True
161.84,-146.1125,0.0,top,MX3,,SW_MX_1u,MX_SW_solder,tht,True
156.9425,-79.375,0.0,top,MX4,,SW_MX_1.5u,MX_SW_solder,tht,True
104.61625,-98.425,0.0,top,MX5,,SW_MX_1u,MX_SW_solder,tht,True
123.66625,-98.425,0.0,top,MX6,,SW_MX_1u,MX_SW_solder,tht,True
142.71625,-98.425,0.0,top,MX7,,SW_MX_1u,MX_SW_solder,tht,True
104.61625,-117.475,0.0,top,MX9,,SW_MX_1u,MX_SW_solder,tht,True
161.77375,-107.95,-90.0,top,S1,,STAB_MX_2u,MX_stab,tht,True
161.76,-146.0525,90.0,bottom,S2,,STAB_MX_2u,MX_stab,tht,True
133.265,-155.575,0.0,bottom,S3,,STAB_MX_2u,MX_stab,tht,True
