﻿pos_x,pos_y,rotation,side,designator,mpn,pack,value,mount_type,place
112.7125,-84.1375,90.0,bottom,D1,,D_SOD-123,D_Small,smt,True
131.7625,-122.2375,90.0,bottom,D10,,D_SOD-123,D_Small,smt,True
150.8125,-122.2375,90.0,bottom,D11,,D_SOD-123,D_Small,smt,True
169.70375,-103.1875,90.0,bottom,D12,,D_SOD-123,D_Small,smt,True
112.6325,-141.2875,90.0,bottom,D13,,D_SOD-123,D_Small,smt,True
131.6825,-141.2875,90.0,bottom,D14,,D_SOD-123,D_Small,smt,True
150.7325,-141.2875,90.0,bottom,D15,,D_SOD-123,D_Small,smt,True
149.86,-150.8125,90.0,bottom,D16,,D_SOD-123,D_Small,smt,True
122.8725,-155.575,90.0,bottom,D17,,D_SOD-123,D_Small,smt,True
136.525,-84.1375,90.0,bottom,D2,,D_SOD-123,D_Small,smt,True
153.9875,-150.875,90.0,bottom,D3,,D_SOD-123,D_Small,smt,True
165.1,-84.1375,90.0,bottom,D4,,D_SOD-123,D_Small,smt,True
112.7125,-103.1875,90.0,bottom,D5,,D_SOD-123,D_Small,smt,True
131.7625,-103.1875,90.0,bottom,D6,,D_SOD-123,D_Small,smt,True
150.8125,-103.1875,90.0,bottom,D7,,D_SOD-123,D_Small,smt,True
169.70375,-122.2375,90.0,bottom,D8,,D_SOD-123,D_Small,smt,True
112.7125,-122.2375,90.0,bottom,D9,,D_SOD-123,D_Small,smt,True
104.61625,-79.375,0.0,top,MX1,,SW_MX_1u,MX_SW_solder,tht,True
123.66,-117.475,0.0,top,MX10,,SW_MX_1u,MX_SW_solder,tht,True
142.68625,-117.475,0.0,top,MX11,,SW_MX_1u,MX_SW_solder,tht,True
161.76625,-98.425,0.0,top,MX12,,SW_MX_1u,MX_SW_solder,tht,True
104.61,-136.525,0.0,top,MX13,,SW_MX_1u,MX_SW_solder,tht,True
123.66,-136.525,0.0,top,MX14,,SW_MX_1u,MX_SW_solder,tht,True
142.68625,-136.525,0.0,top,MX15,,SW_MX_1u,MX_SW_solder,tht,True
142.71625,-155.575,0.0,top,MX16,,SW_MX_1u,MX_SW_solder,tht,True
114.14125,-155.575,0.0,top,MX17,,SW_MX_1u,MX_SW_solder,tht,True
128.42875,-79.375,0.0,top,MX2,,SW_MX_1.5u,MX_SW_solder,tht,True
161.84,-146.1125,90.0,top,MX3,,SW_MX_1u,MX_SW_solder,tht,True
157.0025,-79.375,0.0,top,MX4,,SW_MX_1.5u,MX_SW_solder,tht,True
104.61625,-98.425,0.0,top,MX5,,SW_MX_1u,MX_SW_solder,tht,True
123.66,-98.425,0.0,top,MX6,,SW_MX_1u,MX_SW_solder,tht,True
142.68625,-98.425,0.0,top,MX7,,SW_MX_1u,MX_SW_solder,tht,True
161.76625,-117.475,0.0,top,MX8,,SW_MX_1u,MX_SW_solder,tht,True
104.61625,-117.475,0.0,top,MX9,,SW_MX_1u,MX_SW_solder,tht,True
161.76,-146.0525,-90.0,top,S2,,STAB_MX_2u,MX_stab,tht,True
114.14125,-155.575,0.0,top,S3,,STAB_MX_2u,MX_stab,tht,True
181.13375,-87.63,0.0,top,U1,,Arduino_Pro_Micro,Arduino_Pro_Micro,tht,True
